{"cameraMatrix": [[1109.3224174367508, 0.0, 629.8095295565447], [0.0, 1110.0765061505672, 355.5274919063867], [0.0, 0.0, 1.0]], "cameraDist": [[0.17626459065543498, -1.401372607826933, 0.0017282473360327093, -0.001008103394347886, 2.646072515580193]]}