{"cameraMatrix": [[910.4420565923821, 0.0, 825.9610772519658], [0.0, 908.5177159208305, 677.1224832329424], [0.0, 0.0, 1.0]], "cameraDist": [[0.047310586098011184, -0.09883002316149848, 0.002259422752262353, 0.0014598988657035328, 0.040770667376080774]]}