{"cameraMatrix": [[908.098384358348, 0.0, 815.5219613701814], [0.0, 906.7681065090385, 675.4843979287789], [0.0, 0.0, 1.0]], "cameraDist": [[0.04572783027440048, -0.07749345287804796, 0.000584608833635219, -0.0001902073750203614, 0.018512713297153965]]}