{"cameraMatrix": [[1224.5211712081039, 0.0, 638.6489612593394], [0.0, 1223.3298144651535, 399.5261912704347], [0.0, 0.0, 1.0]], "cameraDist": [[-0.4118235378083602, 0.2494915209406439, 0.0009737144664514872, 0.00025486290557371293, -0.10277951211110567]]}