{"cameraMatrix": [[1215.1871217170028, 0.0, 843.0784924800748], [0.0, 1215.728882439319, 656.7142833143845], [0.0, 0.0, 1.0]], "cameraDist": [[-0.4033016967436827, 0.21853276881106493, -0.0007120963889978843, 0.00020282571874176045, -0.07087073676333971]]}