{
	"cameraMatrix": [
		[
			1210.5282265294957,
			0.0,
			637.3555410988665
		],
		[
			0.0,
			1208.713157081271,
			431.0538873279193
		],
		[
			0.0,
			0.0,
			1.0
		]
	],
	"cameraDist": [
		[
			-0.41709832766042776,
			0.26398927312495424,
			-0.0016113231574635515,
			0.0011919526515922433,
			-0.14030846577210482
		]
	]
}